Position,Company,Location,URL,Rate,Date
[국비무료IT취업교육]JAVA웹앱/프론트엔드/백엔드/풀스택/빅데이터/인공지능 외 자바개발자취업교육과정/준비된 인재로 취업하기/SW융복합 인재양성 /수료전부터 취업연계매칭시스템,한국ICT인재개발원,서울,https://www.jobkorea.co.kr/Recruit/GI_Read/42730931?Oem_Code=C1&logpath=1&stext=java&listno=1,0,~10/10(화)
[국비무료] IT개발자 취업연계 교육생 모집(JAVA 풀스택 개발자/빅데이터 AI),더조은아카데미신촌지점,서울 마포구,https://www.jobkorea.co.kr/Recruit/GI_Read/42968050?Oem_Code=C1&logpath=1&stext=java&listno=2,0,~10/27(금)
[전액무료] IT취업 자바/파이썬/인공지능/빅데이터 교육생 모집,휴먼교육센터,서울 영등포구 외,https://www.jobkorea.co.kr/Recruit/GI_Read/42920900?Oem_Code=C1&logpath=1&stext=java&listno=3,3.2,~10/19(목)
[국비무료IT취업교육] AI교육/자바(JAVA)웹/앱개발/프론트엔드/백앤드/풀스택/빅데이터/IT전문교육 취업연계시스템 교육,(주)제이엠피코리아,서울 구로구 외,https://www.jobkorea.co.kr/Recruit/GI_Read/42887733?Oem_Code=C1&logpath=1&stext=java&listno=4,2.1,상시채용
경향신문 PHP웹프로그래머 모집,㈜경향신문사,서울 중구,https://www.jobkorea.co.kr/Recruit/GI_Read/43023990?Oem_Code=C1&logpath=1&stext=java&listno=5,3.2,~10/20(금)
[드래곤플라이] 스페셜포스 서버 프로그래머 모집,㈜드래곤플라이,서울 서초구,https://www.jobkorea.co.kr/Recruit/GI_Read/42996938?Oem_Code=C1&logpath=1&stext=java&listno=6,2.2,~10/31(화)
[정규직] 웹개발자(PHP  JAVA) 경력직 모집(1년이상 경력자),㈜세일코리아넷,서울 영등포구,https://www.jobkorea.co.kr/Recruit/GI_Read/42952123?Oem_Code=C1&logpath=1&stext=java&listno=7,2.4,상시채용
(주)웅진 23년 하반기 채용연계형 신입인턴 채용(JAVA개발:클라우드솔루션 운영/유지보수),㈜웅진,서울 중구,https://www.jobkorea.co.kr/Recruit/GI_Read/42937013?Oem_Code=C1&logpath=1&stext=java&listno=8,3.1,~10/15(일)
(주)웅진 23년 하반기 채용연계형 신입인턴 채용(JAVA개발:그룹웨어 운영/유지보수),㈜웅진,서울 중구,https://www.jobkorea.co.kr/Recruit/GI_Read/42937006?Oem_Code=C1&logpath=1&stext=java&listno=9,3.1,~10/15(일)
통합인증 보안솔루션부문 신입 자바개발자 채용,㈜유비앤티스랩,서울 구로구,https://www.jobkorea.co.kr/Recruit/GI_Read/42899276?Oem_Code=C1&logpath=1&stext=java&listno=10,2.8,~10/18(수)
[신입/경력] PHP 프로그래머/웹퍼블리셔 채용,㈜해커스어학원,서울 서초구,https://www.jobkorea.co.kr/Recruit/GI_Read/42811743?Oem_Code=C1&logpath=1&stext=java&listno=11,2.4,상시채용
[국비무료IT취업교육] AI교육/자바(JAVA)웹/앱개발/프론트엔드/백앤드/풀스택/빅데이터/IT전문교육 취업연계시스템 교육,한국직업전문학교,서울 구로구 외,https://www.jobkorea.co.kr/Recruit/GI_Read/42799546?Oem_Code=C1&logpath=1&stext=java&listno=12,2.0,상시채용
웹 개발자[JAVA/Springboot] (신입  경력) 채용,㈜ 호디,서울 강서구,https://www.jobkorea.co.kr/Recruit/GI_Read/42768238?Oem_Code=C1&logpath=1&stext=java&listno=13,3.3,~10/31(화)
[고고에프앤디] [서울/부산] 백앤드 JAVA 개발자를 찾습니다.(신입/경력),㈜고고에프앤디,서울 중구 외,https://www.jobkorea.co.kr/Recruit/GI_Read/42906984?Oem_Code=C1&logpath=1&stext=java&listno=14,2.9,~10/18(수)
웹개발 신입/경력 인재영입 (Java·JSP  프로그래밍  백엔드 외),㈜페이게이트,서울 송파구,https://www.jobkorea.co.kr/Recruit/GI_Read/42833298?Oem_Code=C1&logpath=1&stext=java&listno=15,2.2,~10/08(일)
[신입/경력] JAVA/JSP 백엔드 웹프로그래머 정규직/프리랜서 채용,㈜에이블짐정보,서울 송파구 외,https://www.jobkorea.co.kr/Recruit/GI_Read/43025984?Oem_Code=C1&logpath=1&stext=java&listno=16,1.8,~11/05(일)
[가산디지털단지] 천재교육 자사 프로젝트 SI 프리랜서 채용(JAVA 중급  고급),㈜윈스,서울 금천구 외,https://www.jobkorea.co.kr/Recruit/GI_Read/43026031?Oem_Code=C1&logpath=1&stext=java&listno=17,2.8,~11/05(일)
[인덕원] NH농협은행 금융상품몰 개발 SI 프리랜서 채용(JAVA 중급),㈜윈스,서울 전지역 외,https://www.jobkorea.co.kr/Recruit/GI_Read/43026017?Oem_Code=C1&logpath=1&stext=java&listno=18,2.8,~11/05(일)
[상암동] 우리은행 WINCMS 자금관리시스템 SM 프리랜서 채용(JAVA 고급),㈜윈스,서울 마포구 외,https://www.jobkorea.co.kr/Recruit/GI_Read/43026013?Oem_Code=C1&logpath=1&stext=java&listno=19,2.8,~11/05(일)
[국비무료IT취업교육생모집]JAVA개발자/풀스택개발자/프론트엔드/백엔드/빅데이터/개발자취업교육과정/취업연계매칭시스템,㈜하이미디어아카데미,서울,https://www.jobkorea.co.kr/Recruit/GI_Read/43025627?Oem_Code=C1&logpath=1&stext=java&listno=20,2.1,~10/10(화)
JAVA 개발자 채용(보충역),㈜비오시스템즈,서울 금천구,https://www.jobkorea.co.kr/Recruit/GI_Read/43024338?Oem_Code=C1&logpath=1&stext=java&listno=21,1.9,~11/05(일)
자바 스프링 백엔드(Back-End) 개발 신입/경력 채용,㈜시그너스정보기술,서울 구로구,https://www.jobkorea.co.kr/Recruit/GI_Read/43012931?Oem_Code=C1&logpath=1&stext=java&listno=22,1.5,~11/04(토)
10436. (긴급)JAVA(Thymeleaf  하이브리드웹 장기개발) - BC카드(중급 고급) - SI,㈜베스티아소프트,서울 전지역 외,https://www.jobkorea.co.kr/Recruit/GI_Read/43012328?Oem_Code=C1&logpath=1&stext=java&listno=23,2.0,~11/04(토)
JAVA 웹 개발자 부문 채용,비즈톡㈜,서울 강남구,https://www.jobkorea.co.kr/Recruit/GI_Read/43006490?Oem_Code=C1&logpath=1&stext=java&listno=24,2.4,~11/04(토)
JAVA 서버 개발자 부문 채용,비즈톡㈜,서울 강남구,https://www.jobkorea.co.kr/Recruit/GI_Read/43006478?Oem_Code=C1&logpath=1&stext=java&listno=25,2.4,~11/04(토)
(주)에이블이엔엠 프로그래머 신입/경력 직원 채용,㈜에이블이엔엠,서울 강남구,https://www.jobkorea.co.kr/Recruit/GI_Read/43010446?Oem_Code=C1&logpath=1&stext=java&listno=26,0,상시채용
웹개발(JAVA JSP)신입&경력 정규직 프리랜서 채용,위캔소프트,서울 송파구,https://www.jobkorea.co.kr/Recruit/GI_Read/43009326?Oem_Code=C1&logpath=1&stext=java&listno=27,4.0,~11/04(토)
서버 / 백엔드 (JAVA) 개발자 정규직 신입/경력 채용,맑은기술,서울 구로구,https://www.jobkorea.co.kr/Recruit/GI_Read/43001543?Oem_Code=C1&logpath=1&stext=java&listno=28,2.9,~10/15(일)
Java 개발자 모집,플러거,서울 강남구,https://www.jobkorea.co.kr/Recruit/GI_Read/43006204?Oem_Code=C1&logpath=1&stext=java&listno=29,1.0,~11/04(토)
웹개발자(JAVA/JSP) 신입/경력 채용,슈어엠주식회사,서울 광진구,https://www.jobkorea.co.kr/Recruit/GI_Read/43004444?Oem_Code=C1&logpath=1&stext=java&listno=30,0,~11/04(토)
JAVA 웹 개발자(아카데미) 정규직 채용,㈜에스디씨아이티,서울 강남구,https://www.jobkorea.co.kr/Recruit/GI_Read/43004126?Oem_Code=C1&logpath=1&stext=java&listno=31,2.5,~10/27(금)
[스타랩스] JAVA 웹개발자 중/고/특급 채용,㈜스타랩스,서울 강남구,https://www.jobkorea.co.kr/Recruit/GI_Read/42998139?Oem_Code=C1&logpath=1&stext=java&listno=32,2.2,~11/03(금)
[신입/경력] PHP 프로그래머 개발자 모집,좋은생각,서울 강남구,https://www.jobkorea.co.kr/Recruit/GI_Read/42993352?Oem_Code=C1&logpath=1&stext=java&listno=33,2.2,~12/03(일)
[VR / XR 프로젝트] 프로그래머 채용 (클라이언트 / 서버),㈜스코넥 엔터테인먼트,서울 강남구,https://www.jobkorea.co.kr/Recruit/GI_Read/42989086?Oem_Code=C1&logpath=1&stext=java&listno=34,0,~10/31(화)
수처리 환경분야 계장(계측)제어 자동제어 시스템 프로그래머(PLC HMI)와 설계직(CAD)을 모집합니다,㈜대청시스템스,서울 영등포구,https://www.jobkorea.co.kr/Recruit/GI_Read/42988902?Oem_Code=C1&logpath=1&stext=java&listno=35,0.0,~11/03(금)
메타버스(Metaverse) 서비스 관련 C/C++ 서버 프로그래머 모집,시크릿타운㈜,서울 강남구,https://www.jobkorea.co.kr/Recruit/GI_Read/42971705?Oem_Code=C1&logpath=1&stext=java&listno=36,2.2,~11/26(일)
웹 프로그래머 모집 (주1회출근  재택근무),㈜맨텍,서울 성동구,https://www.jobkorea.co.kr/Recruit/GI_Read/42967105?Oem_Code=C1&logpath=1&stext=java&listno=37,3.6,~11/25(토)
티머니 웹 배치 java 개발,㈜아이엔에쓰,서울 전지역,https://www.jobkorea.co.kr/Recruit/GI_Read/42964730?Oem_Code=C1&logpath=1&stext=java&listno=38,2.4,~10/26(목)
[마비노기모바일] 게임 프로그래머 모집,데브캣,서울 강남구,https://www.jobkorea.co.kr/Recruit/GI_Read/42958978?Oem_Code=C1&logpath=1&stext=java&listno=39,4.0,~10/25(수)
WMS/MES 프로그래머 채용(판교근무),에이치엔그룹㈜,서울 중구 외,https://www.jobkorea.co.kr/Recruit/GI_Read/42958520?Oem_Code=C1&logpath=1&stext=java&listno=40,0,~10/25(수)
